ID,Location,Title,Salary,Summary
112566541738ad42,대한민국,Software Developer,,"Experience task automation in scripting languages like shell, 
Python, JavaScript, TypeScript Boat load of passion & energy..."
99d83bdfd2fffadd,서울,Mendix - Senior Consultant (South Korea),,"language including SQL, Java, JavaScript, .NET, C#, 
Python... React You are passionate about cloud-native and mobile..."
b2dba58848465814,경기도 화성,PDC Process Support Engineer (POC expert) IV - (E4),,"complete projects.- Provide technical inpu 전자·기계·기술·화학·연구개발>전자·반도체>반도체|인터넷·IT·통신·모바일·게임>응용프로그래머>
Python|생산·정비·기능·노무>생산관리>공정관리"
5a4523017b1f55a7,서울,DevOps Engineer,,"DevOps 경력 2년 이상인 분 
Python 또는 JAVA 개발 경력 5... 기술에 대한 거부감이 없고 도전적이신 분 [기술스택] Java, 
Python AWS API AWS Cloud Formation Prometheus..."
567b3a8c8ef33c7d,서울,Software Engineer,,"experience of one... following programming languages: 
Python, JavaScript ( Node) or C# Experience with one... major..."
b3a6c83c9debcb92,성남 삼평동,네이버 파이낸셜 플랫폼 운영,,"Docker(kubernetes) 및 어플리케이션 배포 전략 지식 보유 - Shell script, 
python 및 web framework 등 기타 프로그래밍 언어 활용 가능 - 국가보훈대상자 및 장애인은 법령에 의거..."
b6d169aa029a45a6,서울 강남구,[강남/스타트업] 에이스랩 자율주행 엔지니어,,"공학 등 관련학사혹은 상응하는 지식- 프로그래밍 능력 (C/C++, 
python, etc)자세한 업무 및 자격 요건은 자사 홈페이지에서 확인 00 명... 통신·모바일·게임>응용프로그래머>
Python|인터넷·IT·통신·모바일·게임..."
4d6fa0f1b9726d7c,서울 서초구,디지털 미디어 매니저(퍼포먼스&브랜딩) 신입/경력,,"[우대 요건] 1) 마케팅 전공자 2) 영어 커뮤니케이션 가능자 3) 
Python을 통한 프로그래밍 가능자 4) 구글 및 페이스북 셀프서브 가능자 5) GA 및 써드파티 트래커 활용 가능자 마케팅·광고·홍보·조사>마케팅>온라인마케팅"
0a80ef7ebb86a66d,경기도 광명,[연구개발 부문] 연구원 (MCU 계측제어설계/머신비전/이미지프로세싱),"연봉 42,000,000원 - 46,000,000원","프로그래밍 가능자 우대S/W 설계 부문 : - OPEN CV, TENSORFLOW, YOLO, CUDA/
Python, C++, C WindowsGUL APL, MFC Lib 활용 가능자. 머신비전/ 영상처리 개발자* 전기..."
18412f48d46b750e,서울 금천구,[폴라리스오피스] 전부문 대규모,,"통신·모바일·게임>웹프로그래머>
Python|인터넷·IT·통신·모바일·게임... 프로그래머>자바스크립트|인터넷·IT·통신·모바일·게임>응용프로그래머>
Python|인터넷·IT·통신·모바일·게임>응용프로그래머>iOS|인터넷·IT·통신..."
e4686146beae7f1c,서울 강남구,[대형증권사] 금융특화 한글 음성합성(TTI),,"통신·모바일·게임>웹프로그래머>
Python|인터넷·IT·통신·모바일·게임... 응용프로그래머>JAVA|인터넷·IT·통신·모바일·게임>응용프로그래머>
Python|인터넷·IT·통신·모바일·게임>빅데이터·AI(인공지능)>음성인식|인터..."
e84b86f48dc2081d,서울,Consultant PSG,,"Learning & Predictive modelling (in R, Spark MLLib, 
Python) Knowledge... following TIBCO technologies... huge..."
025b89990231eea6,서울 강남구,[대형증권사] 자산배분전략 수립/모델개발,,"통신·모바일·게임>웹프로그래머>JAVA|인터넷·IT·통신·모바일·게임>웹프로그래머>프론트엔드|인터넷·IT·통신·모바일·게임>웹프로그래머>
Python|인터넷·IT·통신·모바일·게임>웹프로그래머>HTML·DHTML·mHTML"
f862c821b0734933,서울,[NAVER Cloud] Media 서비스 개발,,"다양한 개발 경험 또는 Go, 
Python, C/C++등을 이용한 플랫폼... 가능하신 분 - Java, Kotlin, Golang, C, C++, 
Python, node.js, typescript 등으로 작성된 코드 및 프레임..."
c04680232735292a,서울 강남구,가상자산 트레이딩 / 시스템 개발자,,"및 제출서류에 허위사실이 있을 경우 채용이 취소될 수 있습니다. 금융·보험·증권>투자·분석·증권·외환>자산관리|인터넷·IT·통신·모바일·게임>응용프로그래머>
Python|인터넷·IT·통신·모바일·게임>응용프로그래머>C·C++"
dbe3257e487e5814,서울,[AI/Lab] AI 백엔드 엔지니어 (전문연구요원 가능),,"플랫폼 및 시스템 구축 이런 분을 찾습니다 주도적으로 문제를 찾고, 해결할 수 있는 능력을 보유하신 분 
Python 또는 하나 이상의 언어에 능숙하신 분 Cache와 DB를 사용한 Restful API 개발 경험이 있으신분..."
5ab0b45dfa93411b,서울 강남구,Data Engineer 신입사원,,"분류, 개인정보 비식별화, 불량 코퍼스 필터링 등 다양한 ML 프로젝트 (예정)[자격요건]- Julia / 
Python / R 중에서 자신 있는 프로그래밍 언어가 있는 분- 하나의 데이터도 놓치지 않고 꼼꼼하게 관리할 수..."
e00d3977d633da67,서울 강남구,[쿠키런: 오븐브레이크] 데이터 분석가 (경력),,"통신·모바일·게임>ERP·시스템분석·설계>데이터분석|인터넷·IT·통신·모바일·게임>응용프로그래머>
Python|인터넷·IT·통신·모바일·게임>웹프로그래머>
Python|인터넷·IT·통신·모바일·게임>데이터베이스·DBA>SQL"
dcf3ff6b6acb5519,서울 마포구,"2022년 경력직 (개발,엔지니어,PM/PL 외)",,"SMPP, HTTP 능숙 초대졸 이상 3년 이상 메시징 제품 (MMS,SMS,RCS) 개발경험 우대 
Python 프로그래밍 MongoDB SIP, Diameter, HTTP2, HTTPS 경력 우대 Un 인터넷·IT·통신..."
754be9e3d78fa802,인천 연수구,2021년 상반기 R&D 개발자 (병역특례 가능/경력 무관),,"담당업무: - 블루투스 메시 기반 위치 추적 솔루션 개발 - 상기 솔루션의 임베디드 펌웨어 개발 - C(필수), 
Python, Javascript 프로그래밍 언어 사용 - 기술 지원 [자격요건] 경력사항: 무관 (신입도 지원..."
df228c302c3c8f9b,서울 강남구,서버개발자(벡앤드) 정규직,"연봉 40,000,000원 - 50,000,000원","시스템 개발 [자격요건]• 경력사항: 경력(3년 이상 7년 이하)• 학력사항: 학력무관• 중상급 이상의 
Python 또는 JavaScript 언어 활용 가능자• Django 또는 Node.js rest framework에..."
50cc6371bab225b5,서울,Full-stack Software Engineer,,"지원 자격 * * 5년 이상 Full-stack 개발 실무 경력이 있으신 분 * Java, C/C++, 
Python, javascript 중 하나 이상의 언어에 능숙하신 분 * MySQL, Oracle, MariaDB 등의..."
d83fc0dd2641f483,성남 분당구,전문연구요원 (병역특례) 수시 (AI / SW 분야),"연봉 40,000,000원 - 100,000,000원","요구 능력] - ASM/C/C++/
Python 언어 코딩 기술 - 운영체제... 경험 - Windows/Linux 상에서 C++/
Python 언어 사용 개발 경험 - C++ / 
Python 언어 사용 개발 경험 - 객체지향 설계에..."
46253fd5b203d931,성남 분당구,"[로봇개발본부(판교근무)] 각 분야별 (백엔드, WEB APP 개발, APP 개발)",,"게임>웹프로그래머>웹개발|인터넷·IT·통신·모바일·게임>웹프로그래머>
Python|인터넷·IT·통신·모바일·게임>웹프로그래머>JAVA|인터넷·IT·통신... 통신·모바일·게임>응용프로그래머>
Python|인터넷·IT·통신·모바일·게임..."
abe4fc0b70f19c72,서울,[대기업] 클라우드/IoT 플랫폼 개발,,"통신·모바일·게임>웹프로그래머>
Python|인터넷·IT·통신·모바일·게임... 응용프로그래머>Linux|인터넷·IT·통신·모바일·게임>응용프로그래머>
Python|인터넷·IT·통신·모바일·게임>시스템프로그래머>사물인터넷(IoT..."
ac9068957c550cb3,성남 판교역,데이터 전문가(모델러/분석가/엔지니어) 모집,,"대용량 데이터를 효율적으로 사용하기 위한 기반 데이터 가공 지원자격 데이터 사이언스를 위한 언어(R/
Python/Scala) 및 도구(scikit-learn/Spark MLlib/Tensorflow/Pytorch 등)를..."
139c920bd561c93c,서울 성동구,연계형 빅데이터 기반 딥러닝 부트 캠프 2기,,"통신·모바일·게임>빅데이터·AI(인공지능)>머신러닝|인터넷·IT·통신·모바일·게임>빅데이터·AI(인공지능)>
Python|인터넷·IT·통신·모바일·게임>빅데이터·AI(인공지능)>딥러닝|인터넷·IT·통신·모바일·게임>빅데이터..."
06d133676285b02e,성남 판교역,[보안] 침해사고 대응,,"팩트 자동 수집 도구 개발 경험 - 아티팩트 분석 도구를 능숙하게 사용 가능하신 분 - C, Java, 
Python 등을 통한 업무 자동화 및 분석도구 개발 경험 - 기업 CERT 직무 수행 경험 - CVE 실무 경험..."
77dfad5a778a94c2,서울,Senior Data Scientist,,"leadership. Fluency... least one scripting language (e.g. 
Python, R) Fluency in English local office language is required..."
d7527395199fd664,서울,Consulting Engineer (Full Time) - Korea,,"experience in Linux and programming languages like 
Python, Java , JavaScript etc. • Strong communication and collaboration..."
340fa2d2204cf879,서울,"Cloud AI Engineer, Professional Services",,"Experience writing software in one or more languages... 
Python, Scala, R... similar. Experience building machine..."
d1d26bc871719fe2,서울 영등포구,대학생인턴십 2기 모집,,"러시아어 회화 가능자 - 통계 프로그래밍(Minitab, SPSS, SAS 등), 프로그래밍언어(R, 
Python 등) 활용 경험 보유자 - 빅데이터/IT/품질/환경안전 관련 자격증 보유자 - PLC,N/W, 비전, 센터..."
b2eb1fe78ff9ee5f,서울,[대기업] 데이터분석가 경력 (대리~과장급 2명),,"경력5년 이상-통계분석과 Machine Learning알고리즘에 대한 기본지식 보유-SQL, SAS, R, 
Python 중2개 이상의 분석도구에 대한 기본 이해-현상에 대한 문제인식과 적극적인 문제해결의지-통계적 수치에 대한..."
ceb8243bc8ae3c35,서울,[데이터 플랫폼]서비스 데이터 엔지니어(전문연구요원 가능),,"대용량 데이터 처리를 위한 인프라 스트럭처 개발 사내 데이터 분석 도구 개발 및 유지보수 이런 분을 찾습니다 
Python 기반의 데이터 처리 경험이 있으신 분 Docker 환경에서 개발 경험이 있으신 분 AWS 클라우드 기반..."
91bddba7f7620d51,서울 강남구,"[대형증권사] LP/MM 시스템 개발 및 운영,유지보수",,"레이딩 시스템에 대한 이해 및 열정 보유 <우대사항>C++/JAVA/
Python 프로그래밍 가능 0 명 근무조건 고용형태: 정규직급여조건: 연봉 협의... 통신·모바일·게임>웹프로그래머>
Python|인터넷·IT·통신·모바일·게임..."
04c31e4f5c277f31,서울,"Software Engineer, Robotics",,"구하고 필요한 기능을 개발합니다. 차세대 로봇 플랫폼 개발에 필요한 선행 연구를 수행합니다. 자격 요건 
Python 및 C++ 개발 경력 3년 이상 혹은 그에 준하는 실력을 갖추신 분 알고리즘, 자료구조, 운영체제에 대한..."
0e25160b5a1d095f,서울,[유통 대기업] Business Analyst(비지니스분석가) 과차장급,,"이터 컨설팅 또는 비즈니스 컨설팅 경력 5년 이상 보유 -SQL, R, 
Python 중 1개 이상의 분석 도구 활용 경험 보유 -비지니스에 대한 문제... 게임>빅데이터·AI(인공지능)>
Python|인터넷·IT·통신·모바일·게임..."
bd7907d1248e436d,서울,[AI/LAB] 머신러닝 리서치 엔지니어 (전문연구요원 가능),,"찾습니다 논문을 빠르고 정확하게 이해하고 구현할 수 있으신 분 최신 딥러닝 기술 동향을 파악하고 계신 분 
Python 사용 능력이 능숙하신 분 ※ 참고사항 : 해당 직군은 상세 경력기술서 제출이 필수입니다. 이런 분은 더욱..."
a364f937ff9aa591,서울,Advanced Support Engineer / Database & Cloud,,"Open Source Software like Docker, 
Python, Kubernetes, Ansible, Jenkins, Corosync... Kubernetes - 
Python Detailed..."
061fe20a981de005,서울,"Cloud Architect , Professional Services",,"through DevOps scripting (E.g. Shell, 
Python) · Configuration management using... 데브옵스 스크립작성 (Shell, 
Python 등)을 통한 인프라 자동화..."
d158e683dc0b7500,서울 서초구,파이썬 개발자 초중급 이상,,"전형 접수방법 채용시 접수방법: 인크루트 채용시스템 접수양식: 인크루트 이력서 기타 유의사항 입사지원서 및 제출서류에 허위사실이 있을 경우 채용이 취소될 수 있습니다. 인터넷·IT·통신·모바일·게임>응용프로그래머>
Python"
4389736e058f4f69,서울 강남구,Data Engineer-Eng,,"모바일·게임>빅데이터·AI(인공지능)>인공지능(AI)|인터넷·IT·통신·모바일·게임>빅데이터·AI(인공지능)>
Python|인터넷·IT·통신·모바일·게임>빅데이터·AI(인공지능)>데이터분석|인터넷·IT·통신·모바일·게임>통신..."
e67716c26d372980,서울,TeraVM Field Applications Engineer,,"Hands on experience in using Linux scripting languages (
Python, Perl, tshark, etc) Experience in working with Virtualisation..."
dd2edd5d2a084730,서울 성동구,컴퓨터비전 개발자 경력 정규직,,"바일·게임>빅데이터·AI(인공지능)>인공지능(AI)|인터넷·IT·통신·모바일·게임>빅데이터·AI(인공지능)>
Python|인터넷·IT·통신·모바일·게임>소프트웨어·하드웨어>소프트웨어|인터넷·IT·통신·모바일·게임>응용프로그래머>C·C++"
ebd9b7e972f551fc,서울 마포구,서버 개발자 Python(Django) Developer (신입/경력),,"유관직무 경력자 서버 개발자 
Python(Django) Developer... 있습니다.■ 자격 요건 인터넷·IT·통신·모바일·게임>웹프로그래머>
Python|인터넷·IT·통신·모바일·게임>웹프로그래머>웹개발|인터넷·IT·통신..."
b131e4e5c5d35ea0,경기도 화성,CS LEAN D&A(Digitalization & Automation) expert,,"mandatory : experience with developing software using 
Python. (or other programing language related to process automation..."
c35e9b72a11aa338,서울 서초구,[신입/경력] 의료영상/음성인식/생체신호 연구원,,"게임>빅데이터·AI(인공지능)>인공지능(AI)|인터넷·IT·통신·모바일·게임>빅데이터·AI(인공지능)>딥러닝|인터넷·IT·통신·모바일·게임>응용프로그래머>C·C++|인터넷·IT·통신·모바일·게임>응용프로그래머>
Python"
74ef43a1bda57e7d,서울 강남구,Data Analyst - Korea,,"probabilities Comfortable with SQL and Excel; experience with R/
Python is a plus. Experience working with data visualization..."
752a4b5d63eac97c,서울 강남구,Sr. Back-end Engineer (Python),,"관리합니다. 개발 언어 : 
Python 개발 환경 및 도구 : Django... 이상의 백엔드 개발 경험, 또는 이에 준하는 역량을 가지신 분 
Python 및 
Python web framework를 활용한 백엔드 개발에 거부감이..."
e85487d0d81b009b,서울 중학동,시스템보안 담당자 채용,,"경험 보유 우대사항 - AWS, Azure 등 클라우드 환경의 보안서비스 운영 경험자 - Java, 
Python 등 프로그래밍 언어 능숙자 근무조건 [근무조건] - 근무형태 : 정규직 - 모집인원 : 명 - 근무지..."
55a19c92c845685e,서울 논현동,Developer / Designer recruit,,"language (i.e 
Python, Ruby, Java, .Net... High proficiency in 
Python... knowledge... least one 
Python web framework..."
2b9e604e63e7e46d,성남 분당구,[카카오커머스] 기술직군,,"우대사항 - 전자금융 감독규정, PCIDSS에 대한 실무 경험이나 이해도가 높으신 분 - JAVA, 
Python, shell script 등 개발 역량을 갖추신 분 - 웹/앱 취약점 진단 및 모의해킹 역량을 갖추신..."
73452f4730f70e3d,서울 중구,취업포털본부 디자인팀 경력직,,"로그래머>백엔드|인터넷·IT·통신·모바일·게임>웹프로그래머>프론트엔드|인터넷·IT·통신·모바일·게임>웹프로그래머>
Python|인터넷·IT·통신·모바일·게임>웹프로그래머>ASP.NET|인터넷·IT·통신·모바일·게임>웹프로그래머..."
555c31d136dccadb,포항 남구,응용소프트웨어 설계 및 개발(Python),"월급 2,500,000원",직무내용] 자동화 시스템 설계 및 개발 [근무시간 및 형태] 주 5일 근무 09:00~18:00 주소정근로시간 : 40시간 [급여조건] - 월급 2500000원 이상 - 상여금 : 400% (미 포함) - 면접 후 결정 가능...
d9746dd92adbf277,서울,Software Engineer in Test,,"few years of professional experience developing in 
Python or JS, other mobile platforms are plus. You bring significant..."
3617e30a1af44426,성남 분당구,[NHN SOFT] Back-End 경력 개발자,,"통신·모바일·게임>웹프로그래머>
Python|인터넷·IT·통신·모바일·게임... 로그래머>증강현실(AR)|인터넷·IT·통신·모바일·게임>응용프로그래머>
Python|인터넷·IT·통신·모바일·게임>응용프로그래머>머신러닝(ML)|인터넷..."
6d0b76f65c7a3c32,서울,(주)엘솔루 R&D본부 ASR팀 개발직,,"터넷·IT·통신·모바일·게임>응용프로그래머>JAVA|인터넷·IT·통신·모바일·게임>응용프로그래머>Linux|인터넷·IT·통신·모바일·게임>응용프로그래머>머신러닝(ML)|인터넷·IT·통신·모바일·게임>응용프로그래머>
Python"
6cfffc13b8a012c3,서울,Product Test Engineer,,"Knowledge of Compute Language in either C++/C or VB, 
Python is preferred.. Good command of oral and written English. Good..."
d85b2fcb2caec116,서울,"Cloud Operations Engineer, APAC",,"scale... pure 
Python infra-as-code... Our cloud operations engineers bring 
Python software-engineering skills and rigour..."
9205c6ddd797cac4,성남 분당구,Planning and Scheduling Optimization Development Engineer,,"teams.New PhDs are encouraged to apply. 인터넷·IT·통신·모바일·게임>웹프로그래머>
Python|생산·정비·기능·노무>생산관리>공장장|인터넷·IT·통신·모바일·게임>소프트웨어·하드웨어>소프트웨어"
c1eb021528f29732,서울 구로구,2022년 상반기 IT/경영정보 신입경력사원,,"14p 인터넷·IT·통신·모바일·게임>응용프로그래머>JAVA|인터넷·IT·통신·모바일·게임>응용프로그래머>
Python|인터넷·IT·통신·모바일·게임>응용프로그래머>C·C++|인터넷·IT·통신·모바일·게임>응용프로그래머..."
e3e1c9a3233eef1f,서울 영등포구,데이터 분석가 경력,,"BI(Business Intelligence) Tool 활용 가능 (Tableau, Qlik 등) - R, 
Python 활용 가능 모집기한: ~ 본 포지션 채용 시점까지 제출방법: LG그룹 채용사이트(LG Careers)를..."
2e3a1c1587d38c09,서울,Senior Machine Learning Engineer,,"Engineering, Mathematics etc Ability to write robust code in 
Python, Java etc Strong passion for developing high-quality..."
65d17e4704beb445,서울 중학동,네트워크 보안 담당자 채용,,"정보보안기사 등 관련 자격증을 보유하신 분 - 포렌식 업무 경험 또는 관련 자격증을 보유하신 분 - Java, 
Python 등 프로그래밍 언어가 능숙하신 분 근무조건 [근무조건] - 근무형태 : 정규직 - 모집인원 : 명..."
4c338f455a08d490,서울,[대기업] 클라우드 서비스 솔루션 개발,,"C++|인터넷·IT·통신·모바일·게임>응용프로그래머>클라우드|인터넷·IT·통신·모바일·게임>응용프로그래머>
Python|인터넷·IT·통신·모바일·게임>데이터베이스·DBA>데이터베이스개발자|인터넷·IT·통신·모바일·게임>데이터베..."
a1d1d5bf76c45576,청주 오창읍,2022년 2월 경력사원 (설비기술),,"개선을 위한 알고리즘 개발 필수사항 - 관련 업무 경력 10년 이상 - Data 분석 및 SW 설계 경력 (
Python, R, Spotfire, C++ 등) - 실시간 데어터 분석/처리/시각화 역량 우대사항 - 빅데이터 분석..."
905911c20727e6be,서울 서초구,[양재역] Node서버 개발자 (사원~과장급),,"발자간 의사소통이 원활한 분 - 
python selenium으로 웹 크롤링... 통하고 책임감 있는 분■ 우대사항 - 개발자간 의사소통이 원활한 분- 
python selenium으로 웹 크롤링을 해본 분- socket 통신 경험자..."
51df90967b46e8f0,서울,[외국계 스타트업 미소] Business Analyst,,"통신·모바일·게임>빅데이터·AI(인공지능)>데이터분석|인터넷·IT·통신·모바일·게임>빅데이터·AI(인공지능)>
Python|인터넷·IT·통신·모바일·게임>데이터베이스·DBA>MySQL|인터넷·IT·통신·모바일·게임>데이터베이스..."
8164d5e7100c5968,서울,AI Frameworks Engineer Intern,,"Basic knowledge of deep learning technologies Programming with 
Python or Shell script Education Students who are currently..."
557fe7d3af887a99,대한민국,Cymer Software Engineer,,"experience in C/C++/MFC, and C#/Java/Scripts(VB, 
Python, Java) programming in extra More than 1~2 years of development..."
a3ff75e302b24374,서울,"Solutions Architect - AMAZON Web Services, Korea",,"languages... Ruby, 
Python and Node... 현대 개발 언어에 대한 실무적 지식: 루비 (Ruby), 파이썬 (
Python), Node.js 등 · 개발자 및 IT 운영자 대상의 신기술 전파에..."
ea23e376c32ece8b,충청북도 청주,Data Scientist (KOREA),,"data visualization Experience using tools... SAS JMP, 
Python, Matlab, KNIME, and SIMCA Experience with developing..."
5ea9ea023c6ccc03,성남 분당구,"S/W 엔지니어, 데이터분석 신입/경력 정규직, 인턴",,"케이션 제작 및 유지보수 업무- 
Python, Golang, QT 중 선택... 2. 시스템프로그래머- 
Python, Golang, QT 중 선택 가능3. 영상데이터 분석 및 모델링- 
python기반 영상데이터 분석 및 모델링..."
375d31c1f3157770,서울,Machine Learning Engineer,,"statistics and algorithms • Ability to write robust code in 
Python, Java and R • Familiarity with machine learning..."
053378a070533ffc,서울 강남구,DBA,,"경험이 있으신 분 MySQL 모니터링 및 트러블 슈팅 경험이 있으신 분 스크립트 언어 사용이 가능하신 분 (
Python, Shell 등) [우대요건] Kubernetes 환경 경험이 있으신 분 부하테스트를 즐겨하시는 분 긍정..."
ca42174fece4f1e7,서울특별시,[HDC 랩스] 2022년 상반기 경력,,"Spring, node.js, 
python 프레임워크를 활용한 서버 개발... 전공 무관 ㆍ총경력 : 4년 이상~8년 이하 ㆍ
Python 개발 경력 4년 이상 - 
Python 서버 (Backend) 개발 경력 4년 이상 - 웹..."
f5c40ec89231fd10,서울 종로구,음성인식 서버 개발 및 운영 전문가,,"기반의 API 설계 및 개발 경험개발 역량– C/C++, Java, 
Python, shell script 등 리눅스 환경 실무 개발 가능– 병렬화 및... 통신·모바일·게임>응용프로그래머>
Python|인터넷·IT·통신·모바일·게임..."
69d3cc2cca262747,서울,Machine Learning Engineer Intern - Korea,,"Strong algorithms and data structure skills. Fluent... least one programming language including 
Python, Java, and Golang."
19da3484bd7a72f1,서울 서초구,Machine Learning R&D 연구원,,"가능) ㆍ최신 딥러닝, 기계학습 이론에 대한 이해 및 구현 역량 ㆍ
Python, TnsorFlow, C/C++, TensorRT 등 프로그래밍 실무... 대한 이해 및 구현 역량 ㆍ
Python, TnsorFlow, C/C++..."
2de64799beca7298,서울 마포구,"응용소프트웨어 개발자 (BIM, C#, C++, Python, api)","연봉 45,000,000원 - 70,000,000원","직무내용] - C#, C++ , 
Python 활용 자동화 프로그램 개발- 디지털트윈 응용 프로그램 개발 - BIM, REVIT 관련 응용 프로그램 개발- API [근무시간 및 형태] 주 5일 근무 (오전) 9시 00분~(오후..."
be4f863984f41293,서울,HANA Development Support Engineer,,"analyzing complex problems Optional skills Knowledge of 
Python/shell-Scripting, C/C++ Using C++-Debuggers (like GDB..."
b8ad49577d39559c,경기도 하남,웹개발자,"월급 3,000,000원","jsp, css, html 유경험자-JAVA,SPRING BOOT, AI 인공지능, REST API, 
PYTHON 경험-AI 이미지 인식 관련 기본 지식 (CNN등) [근무시간 및 형태] 주 5일 근무 (오전) 8시 30분..."
df21e3bb5d773616,서울 서초구,Python Programmer,,"개발 – JAVA 프로그래밍(라이브러리 활용) – Spring 프레임 워크 개발 – 
Python API 프로그래밍 우대사항 – 
Python 개발 경험 – Open Source 라이브러리 개발경험 – Web 표준에 대한 경험..."
20c4a5de16d47c5c,경기도 성남,Sr. Corporate Application Engineer - Calibre DS,,"Linux OS, and previous experience with scripting or Tcl/
Python/Perl programming preferred Familiar with Siemens EDA’s Calibre..."
016de9bb83a8032d,서울,JR0186078 AI Research Engineer Intern,,"architectures, and optimization strategiesProgramming skills with 
Python/C++Experience working with one or more deep learning..."
a5d866cb3092e1f6,서울 마곡역,빅데이터 플랫폼 데이터 엔지니어,,"험자 - S/W 관련 자격증 보유자 - AWS (Redshift, S3 등) 기반 시스템 구축 경험자 - 
Python, SAS 스킬 보유자 - DB영역 기술 전문성 보유자 - IT 전반에 대한 이해도와 경험 보유자 필수 지원..."
82d47e44be45bb97,서울,Junior Structural Engineer,,"Structural Modeling software : Midas, Sofistik… IT language: 
Python (nice to have) . Job Segment: Engineer, Construction..."
71c47ac87bb4087e,서울 관악구,기술 인턴 인공지능 응용 연구/개발 인턴,,"6개월) (협의) *모집 절차: 서류 à인터뷰(오프라인) *지원 자격: 프로그래밍 언어 활용 능력: 
Python, C, C++ 중 1가지 이상 데이터구조, 알고리즘 과목 이수 머신러닝과 딥러닝의 기본 개념 이해 머신러닝..."
35f0a25dee5f3312,성남 분당구,딥러닝 알고리즘 및 응용 Engineer,"연봉 40,000,000원 - 100,000,000원","모바일·게임>빅데이터·AI(인공지능)>인공지능(AI)|인터넷·IT·통신·모바일·게임>빅데이터·AI(인공지능)>
Python|인터넷·IT·통신·모바일·게임>빅데이터·AI(인공지능)>머신러닝|인터넷·IT·통신·모바일·게임>빅데이터..."
e30fe92d72ceb17c,성남 수정구,"자율 주행, 로봇 SW 개발자",,"(주)에바 모집부문 및 자격요건 모집부문 담당업무 자격요건 인원 자율주행 SW 엔지니어
Python응용SW [담당업무]ROS 개발, 로봇 주행 알고리즘 개발, SW Optimization[근무부서 및 직급/직책]근무부서: 개발팀..."
6b46ce7e432daab8,서울 영등포구,Data Engineer & Scientist,,"리즘에 대한 깊은 이해 - Data integrity, data governance 에 대한 이해 - 
Python Data & Analytics 라이브러리 경험 (NLTK, Spacy, Scikit-Learn, PyTorch..."
aa20b37148768ec5,서울,Quantitative Researcher,,"etc.) Excellent academic record Proficiency in C/C++ or 
Python... other programming languages Excellent problem solving..."
78526735d90a85b9,서울,"Machine Learning - iOS Software Engineer,",,"computer vision 
Python libraries... programming skills with proficiency in 
Python, Flask, iOS Dev tools, and GitHub..."
4d08d3e1f1815e21,서울 삼성역,현대백화점 H.Point팀 데이터 분석/기획 경력,,"적용 모델링 - OLAP툴, R, 
Python, SQL 등 활용 분석 수행 및 리포팅 - 학사 이상 학위 취득자 - OLAP툴 사용 경험(3년 이상) - R, 
Python, SQL 등 심화 분석툴 경험(2년..."
77f36f436c732078,서울,[AWS] Application Developer,,"experience (e.g. Java, 
Python, C++, Scala... 너와 서버리스 기술 경험 · 프로그래밍 언어 경험 (예 : Java, 
Python, C ++, Scala, Go, Ruby 등) · 애플리케이션 개발..."
13059ac76a29fa54,서울 서초구,Data Engineer (Python Backend 경력자),,"데이터·AI(인공지능)>
Python|인터넷·IT·통신·모바일·게임>응용프로그래머>인공지능(AI)|인터넷·IT·통신·모바일·게임>응용프로그래머>클라우드|인터넷·IT·통신·모바일·게임>응용프로그래머>
Python|인터넷·IT·통신..."
e6d0e4e33687d287,서울,Vocational Training Program Intern (Developer/Researcher Rol...,,"one or more programming languages (e.g. C, C++, 
Python, JavaScript, Typescript, etc.) Intermediate communication skills..."
eff6d38d4767ff87,서울,Software Engineer,,"parallel computing TECHNOLOGIES: Languages programming: 
Python, GO, C++, Java, Scala, JavaScript, TypeScript DevOps: Docker..."
110043a34fd6ec0f,서울 강남구,데이터 엔지니어,,"용프로그래머>
Python|인터넷·IT·통신·모바일·게임>응용프로그래머>머신러닝(ML)|인터넷·IT·통신·모바일·게임>응용프로그래머>JAVA|인터넷·IT·통신·모바일·게임>빅데이터·AI(인공지능)>
Python|인터넷·IT·통신..."
91c438b0085cb495,대한민국,Brion Field Application Engineer,,"interface skills • Have high-level programming skill for 
python, or C++/C# or any programing language • Good technical skills..."
11d06a906dfe933f,서울 서초구,"JAVA, Python 경력 정규직",,"(주)마인케이 JAVA, 
Python 경력 정규직 채용 모집부문 및 자격요건 담당업무 자격요건 인원 [담당업무]자바, 코틀린, 파이썬, 개발 및 응용프... 로그래머>JAVA|인터넷·IT·통신·모바일·게임>응용프로그래머>
Python"
53c9741b09518b4f,서울 중구,Metaverse 서비스 Graphics 개발자,,"경험그래픽스 프로젝트 및 게임 개발 경험자 프로그램 언어(C#, 
python 등)와 OpenGL, Vulkan 등 API를 이용한 개발 경험 인터넷... 용프로그래머>C#|인터넷·IT·통신·모바일·게임>응용프로그래머>
Python"
be3bded8a1cab54d,대한민국,Planning and Scheduling Optimization Development Engineer,,"technical design. Object-oriented design and coding skills (
Python preferred). Knowledge... ability to use scripting..."
692b80b5dfe1d32c,강원도 춘천,C++/PYTHON 백엔드 경력개발자 (서울/춘천),,"무경력 2년 이상) c++ 또는 
python 사용에 능숙하신 분 데이터베이... C++/
PYTHON 백앤드 개발자 모집 (경력: 서울/춘천) 모집부문 및 자격요건 모집부문 담당업무 자격요건 인원 C++/
PYTHON 백엔드 개발자..."
d39d5624bfcc6b01,서울 역삼동,인사분야 신입사원 모집,,"기획 • 전공무관 (상경계열 전공 우대) Trading • 전공무관 (상경/화공계열 전공 우대) • 
Python, VBA 등 코딩 능숙자 우대 재무(회계) • 전공무관 (재무관리/파생상품 관련 전공 우대) 구매..."
caf5ce762f9ea674,서울,"Sales Engineer, Korea",,"large-scale enterprise analytics deployment Experience in 
Python Familiarity with data storage and computing infrastructure..."
34d76713b5fc282d,대한민국,Administrative assistant for lean expert,,"software using 
Python. (or other... platform expert VBA expert Extra point : 
Python expert, SAP, Spotfire, RPA skills..."
c896322092980fcd,서울,Business Consultant - Technology,,"Cloud Computing. Basic knowledge and skillset with Linux, 
Python, C++/.Net, RESTful API/Embedded API is required. About RWS..."
87985ee884920551,서울,Business Analyst,,"engineering related research. • Broad working knowledge of 
Python, Excel (inc. automation skills), Relational DBs, SQL..."
eba169ad2f8bfa95,경기도 성남,Sr. Application Engineer - EBS,,"programming language like Visual Basic, VBScript, or 
Python is also highly desirable Programming Skills like C language..."
844a7d20e4e15362,서울,Associate Integration Engineer,,"shell scripting or programming languages... Perl/
Python/VBScript/Java/JavaScript/C++/C Fluent English Team spirit..."
733b814969bff5a7,서울 강남구,Jr. Back-end Engineer (Python),,"이런 분을 찾아요 2년 이상의 
Python을 활용한 백엔드 개발 업무를 수행한 경험이 있으신 분 Django, Django Rest Framework, Flask 등의 
Python web framework를 사용하여..."
480649e994778a52,대한민국,Field Application YieldStar Competence Engineer,,"metrologyand scanner relation - Tool handling(Matlab, 
Python,MS office....) Skills Working... cutting edge of tech, you..."
72a2585ce058fa09,서울 강남구,[대형증권사] IT퀀트 개발자,,"로세스에 대한 이해학력사항: 대학교(4년)졸업 - 이공계 전공, C#,
Python,JavaScript,SQL 사용 가능 우대 0 명 근무조건 고용형태... 통신·모바일·게임>웹프로그래머>
Python|인터넷·IT·통신·모바일·게임..."
2642a83874ea6bab,성남 수정구,"영상처리, 컴퓨터 비전 전문가 (신입/경력)","연봉 30,000,000원 - 35,000,000원","인원 [담당업무]
Python, C++, MFC, C를 이용하여 - OpenCV 로 Visual SLAM 개발- MFC, 
Python을 이용하여 GUI... 통신·모바일·게임>응용프로그래머>
Python|인터넷·IT·통신·모바일·게임..."
25d823b03a3113d5,경기도 성남,Sr. Application Engineer - AMS,,"plus Proficiency in Linux shell scripting, Tcl, and 
Python programming is a plus Proven ability to map simulator capabilities..."
d8918f984b349ea6,서울 중구,[국비무료/취업연계] 실무프로젝트 기반 빅데이터/핀테크/인공지능 연수생,,"통신·모바일·게임>웹프로그래머>
Python|인터넷·IT·통신·모바일·게임... 프론트엔드|인터넷·IT·통신·모바일·게임>빅데이터·AI(인공지능)>
Python|인터넷·IT·통신·모바일·게임>빅데이터·AI(인공지능)>인공지능(AI..."
4b1765c4f3ce8631,대한민국,Data Scientist,,"language (
Python, R, Java, etc... oriented analytics Confident user of ML/DL 
python packages including Scikit-learn..."
64e3d977c702eb32,대한민국,경력사원,,"리눅스환경/프로그래밍(C＋＋, 
Python) 활용능력 보유 - 비전, 라이... 프로그램 구조 설계 및 개발 경력 - 리눅스환경/프로그래밍(C＋＋, 
Python) 활용능력 보유 - SW 개발방법론/Engineering 전공 및..."
9ab9e1640fdc64d5,서울,ML Engineer_Eng,,"Qualifications • Experience with development using 
Python, Kotlin, Node.js, etc. • Experience with using RDBMS, NoSQL..."
b40a09bb26c18930,서울 강서구,"S/W개발자, H/W개발자, 기구설계 전문가","연봉 30,000,000원 - 100,000,000원","집부문 담당업무 자격요건 인원 S/W개발자H/W개발자기구설계직 [담당업무][S/W 개발]- C, C++, 
Python 프로그래밍 가능- 영상 처리, 컴퓨터 비전, 머신러닝, 비디오 스트리밍 관련 개발 경력 보유- OpenCV..."
f8691758f74c5242,서울,Support Engineer- Developer,,"developing with Chatbot, Linux, Apache, Java, Node, 
Python, PHP, or Ruby - Knowledge and experiences of cloud services (Azure..."
cda0aa8499766eeb,서울,데이터 엔지니어,,"에서의 데이터 파이프라인 구축 및 운영 경험 GA, Tableau 등 외부 분석/시각화 도구에 대한 지식 
Python, Java, Scala 중 하나 이상을 이용한 개발 경험 추가 정보 지원 서류 안내 제출서류 : 이력..."
5b3c147dddec314b,서울 구로구,C++/PYTHON 백엔드 개발자 (근무지:춘천or서울),,"[직무내용] 모집 분야C++/
PYTHON 백엔드 개발자모집인원 : 2명담당... 또는 이와 동등한 학위 (경력자의 경우 실무경력 2년 이상)c++ 또는 
python 사용에 능숙하신 분데이터베이스, 네트워크 등 s/w 개발과 관련한..."
9193b9de45a0ac1c,경기도 성남,Embedded Software Engineer - Connected,,"skills with C, C++ and other script languages (i.e. 
python etc..) Strong knowledge... IOT devices communication protocols..."
b9499f4d0a5a9c36,용인 기흥구,"Visual C++, Python 이용한 소프트웨어 개발 및 유지보수가 가능한 인재","연봉 35,000,000원 - 40,000,000원","용부문 : - Visual C++, 
Python 을 이용한 소프트웨어 개발... 및 자격요건 담당업무 자격요건 인원 [담당업무]Visual C++, 
Python 을 이용한 소프트웨어 개발 및 유지보수가 가능한 인재 0명 - 계측장..."
f21952a2d7a0bfd8,서울,"[Robotics] Robotics Software Engineer, Navigation",,"요역량 ㅇ 컴퓨터 공학, 로봇 공학, 전자 공학 등 관련 기술 분야 석사 이상 학위 또는 3년 이상의 경력 ㅇ 
Python 혹은 C++ 언어의 능숙한 활용 ㅇ ROS/ROS2 혹은 유사한 framework를 활용한 robot..."
2b8b9164243592b6,서울,(주)엘솔루 웹 개발자,,"Stack 개발 유경험자. Javascript / React / 
Python / NodeJS 개발 유경험자 Node.js 개발 유경험자 HTML 5... ㆍJavascript / React / 
Python / 인터넷·IT·통신..."
19beeb5c7f50c5b4,서울,데이터 사이언티스트,,"맞게 데이터 모델 및 스키마를 꾸준히 개발 및 발전 * 이런 역량을 가지신 분을 찾습니다. - SQL / 
Python / R 등 데이터 분석 업무를 수행할 수 있는 하나 이상의 개발 언어를 경험하신 분 - 통계 지식에 대한..."
108b132346b45d3e,서울,Product Application Engineer,,"customer problems Proficiency in debugging and working with 
Python/C++ Experience in QA and wants to grow... customer..."
7585ef1908280606,서울 강남구,데이터표준화 부문 경력,,"관리 2. 자격 요건 1) 필수 · Hadoop 데이터 플랫폼 사용 경험 · SQL, Spark(Scala, 
Python)등 데이터 처리 언어 1종 이상 숙련 · 대규모 트래픽 서비스, 대용량 배치처리 시스템의 Backend..."
b79acb8f4c6b4c0d,서울,Research Engineer,,"자격 요건) - 프로덕션 환경에서 발생하는 리얼 월드 문제들을 풀어 나가며 서비스와 함께 성장하고 싶으신 분 - 
Python 기반의 머신러닝 라이브러리를 활용한 개발에 익숙하신 분 (Tensorflow, Pytorch 등..."
05b54a7b23b66511,청주 오창읍,2022년 2월 경력사원 (제조지능화),,"경험 - 빅데이터/AI 경험(R,
Python,SAS 등 분석 Tool 활용... 구축 및 거버넌스 수립 - 분석솔루션(Spotfire, SAS, R, 
Python) 전파 필수사항 - 관련 업무 경력 8년 이상 - 분석 시스템 구축..."
6d86e9f32d31c84f,서울,Data 분야 경력,,"해가 뛰어난 자 - R, 
Python, SAS, SQL 등 활용 역량 우대사항(해당 내용 중 1개 이상) - ML/DL 경험 인력 우대 - 관련 분야 석사 이상 학위 소지자 우대 - R, 
Python등 데이터분석 모델링 경험..."
f6cb81755c0a4a6f,성남 분당구,[TmaxOS/R&D] OS부문 개발자,,"CD 개발 운영 [주 사용 언어] - C/C++ - JavaScript/TypeScript - Java - 
Python 자격요건 - 4년제 대졸(학사) 이상 / 기졸업자 또는 22년 8월 졸업 예정자 - 컴퓨터 및 전산관련..."
292a04117f547509,서울 용산구,Field Application Engineer (m/f),,"용프로그래머>C·C++|인터넷·IT·통신·모바일·게임>응용프로그래머>
Python|인터넷·IT·통신·모바일·게임>전산·IT기술지원>S/W 엔지니어|인터... 트웨어|인터넷·IT·통신·모바일·게임>빅데이터·AI(인공지능)>
Python"
872035f47cfd4850,대한민국,자산운용팀 전략/리스크팀 퀀트(겨울방학 인턴),,"공자의 경우 관련 과목 12학점 이상 이수 - Microsoft 엑셀 능숙자 선택 사항 (평가 가산점) - 
Python 또는 VBA 등 코딩 Skill 보유 - 관련 업종에서 2개월 이상 인턴쉽 또는 근무 경력 보유 - 관련..."
00b0f4d1f5f56d14,서울 마포구,모바일 운영서비스 빌드/배포/테스트 자동화 개발자,,"와 같은 컨테이너 기반 기술 이해 및 경험- 리눅스 환경에 대한 경험- 기본 스크립트 언어 경험 : 
Python / Bash / Perl 등- 지속적 통합 (Jenkins, Fastlane) 이해 및 경험- 소스형상관리..."
f9a30da64da7f738,성남 분당구,[NHN SOFT] iOS 앱개발,,"통신·모바일·게임>웹프로그래머>
Python|인터넷·IT·통신·모바일·게임... 로그래머>증강현실(AR)|인터넷·IT·통신·모바일·게임>응용프로그래머>
Python|인터넷·IT·통신·모바일·게임>응용프로그래머>머신러닝(ML)|인터넷..."
7b091681f7106dcd,서울,Head of Technical Writing,,"following languages; Objective-C, Java, Swift, JavaScript, and 
Python ABOUT SENDBIRD Sendbird... world's leading chat..."
b81ddcc3978545fa,충청북도 청주,Application Engineer Korea,,"You are committing to support the team in challenging situations. 
Python, Office solutions and Linux experience is beneficial..."
4b9e10fafa9f733c,서울,[네이버파이낸셜] 대안신용평가 모델 개발 및 운영,,"리스크 전략 운영 시스템 관리 가능하신 분 - SAS, SQL, R, 
Python 등을 활용한 데이터 핸들링 및 분석에 능숙한 분 - R, 
Python 등을 활용한 ML 개발 경험이 있는 분 - 팀웍 및 독립적으로 프로젝트..."
bbbfbb33164df0e3,서울,"Junior Software Engineer, Server Platform",,"프라 위에 안정적이고 효율적인 서비스 설계 및 구축 핵심 자격요건 
Python, Java, Kotlin, Go, C++ 등 서버 사이드 프로그래밍... Understanding of 
Python, Java, and Event..."
c719ac7a926d4858,서울,Software Engineer - Robotics,,"STEM or similar degree You have in-depth knowledge of C / C++ and 
Python programming You value soft skills... passionate..."
4cc15c26097421c5,서울 송파구,"개발자 - Python 프로그래밍과 Java, C 소스코드 분석",,"자격요건 인원 [담당업무]개발자 - 
Python 프로그래밍과 Java, C 소스코드 분석[근무부서 및 직급/직책]근무부서: 엔터프라이즈 솔루션직급/직책: 팀원, 대리, 차장 [필요기술]ㆍ
Python 프로그래밍과 Java, C..."
578a71cd0f1d3fed,서울,AI SW 개발 경력사원 채용,,"및 개선 할 수 있는 역량 보유자 프로그래밍에 대한 실무역량 보유자(TensorFlow,PyTorch,
Python,C++등) [우대요건] Vision 또는 NLP 기술을 활용하여 프로젝트 및 솔루션 개발 경험자 0명..."
a0c7a150ee54bf18,서울,Developer - Cloud Infrastructure,,"Your tasks will include developing a 
python based scalable job execution platform... development with 
Python Experience..."
e29bd57c416ee579,대한민국,인재 Pool 등록,,"5년 이상 (IT기획, 프로젝트 PM/PL, 개발경력 등) - 자격 : 컴퓨터 언어 활용능력 보유 (JAVA, 
PYTHON) : 데이터베이스(RDBMS) 활용능력 보유 - 우대사항 : IT 예산(HW,SW,인건비) 수립 경험..."
6e8bde30e3d76a07,경기도 평택,ID사업부 Software R&D 경력,,"사용 가능 php, java, 
python, node.js) - SQL... Programming Language : C, C++, Java, 
Python등 - Linux Embedded System 개발 4)우대 사항..."
f317eb960a3ce005,경기도 성남,Product Engineer - MPC/MDP/MDM,,"experience... following: EDA with emphasis on semi OPC; C/C++, 
Python, TCL, MATLAB or any high-level programming language..."
bfe0f5ac4f32ec89,성남 판교역,추천 통계분석/데이터사이언티스트 모집,,"통계, 수학 관련 분야의 석사 또는 박사 학위 소지자 숙련된 데이터분석 능력 데이터 사이언스를 위한 언어(
Python/R) 를 하나 이상 능숙하게 다룰 수 있으신 분 분석 결과를 설득력있게 전달할 수 있는 분 우대사항..."
e3372583dc80de0d,서울 강남구,"Cloud Technical Solutions Engineer, Networking, Google Cloud",,"reading or debugging code (e.g., Java, C, C++, .NET, 
Python, Shell, Perl, JavaScript).Experience advocating for customer..."
3e96bc531d76390a,서울특별시,가우스랩스 Computer Vision & Image Processing Applied Scientist,,"실무 경험 보유. 생산적이고 건강한 조직 문화를 만들고자 하는 의지. 우대 영어 의사소통 능력. 
Python, C++ 등 프로그래밍 언어 및 PyTorch, Tensorflow 등 딥러닝 툴 전문 활용 가능. 영입..."
3b7dbdf85a326a6d,서울,국내 대기업 - AI 및 딥러닝 관련 경력자,,"관련 전문 지식 있는 분 - 
Python 또는 Scala, JAVA 활용... 레임워크 활용 역량 좋은 분- 자연어처리 관련 전문 지식 있는 분- 
Python 또는 Scala, JAVA 활용 역량- 미디어/커머스/전자/IT 업계..."
fc09bd46b913c048,성남 판교역,[NHN Cloud] 시스템 엔지니어링,,"운영 경험 보유 - 쉘 스크립트 또는 프로그래밍 개발 스킬 보유 * Bash, PowerShell, 
Python, JAVA, etc * 운영 자동화/효율화 경험 보유 - 대용량 트래픽 처리를 위한 인프라 설계와 구축..."
27b06cad4f2d0c63,성남 판교역,클라우드 엔지니어,,"있으신 분 -WebLogic, JBoss 및 Tomcat과 같은 WAS 설치 및 구성 경험 있으신 분 -
Python, Shell, Powershell 등의 스크립팅 언어 개발 경험 있으신 분 -대규모 프로젝트 수행 경험..."
984a450d6e10bbed,서울,"Senior Partner Solutions Architect - Amazon Connect, Partner...",,"passion for getting hands dirty with code/scripting (e.g, 
python, java, c#, .NET, Node.js) · Experience building integrations..."
32b582209ad53166,서울,Sr Technical Support Engineer,,"roles Strong experience in software development in Java... 
Python. Experience in SQL, ArcGIS, or Oracle DBMS is desirable..."
ac64fda2e281b835,서울,"Software Engineer, People with Disabilities (장애인 채용)",,"languages, including... limited to: C++, Java, C and 
Python. Experience in a variety of projects utilizing natural..."
c5a2d1029018e4ba,경기도 화성,Expat: Experimental Physicist Tuning and Monitoring,,"Experience in using office programs and Unix (Linux) 
Python and Jira experience is preferred. Deliberate and organized work..."
8c8c96a3ffac77f8,서울 중구,데이터 엔지니어 경력 정규직,"연봉 60,000,000원 - 70,000,000원","Redshift, Snowflake 등) 설계, 개발, 운영 경험• 
Python/R/dbt, Kafka/Airflow 등을 사용하여 데이터 전처리를... 게임>빅데이터·AI(인공지능)>
Python|인터넷·IT·통신·모바일·게임..."
98a3e3328fec92db,서울,데이터 엔지니어,,"end pipeline의 개발 (
Python, Airflow, k8s 활용... 데이터베이스 등 기본적인 전산 지식에 대한 이해를 갖추신 분 - 
Python / Java / Scala / Kotlin / Go 등의 언어로 개발..."
14d562d10c215572,서울 금천구,"PHP, Python 신입/경력 정규직",,"주식회사 비즈부스터 PHP, 
Python 개발자 채용 모집부문 및 자격요건 담당업무 자격요건 인원 [담당업무]*당사의 서비스(비즈탑) 솔루션 및 서비... 프로그래머>PHP |인터넷·IT·통신·모바일·게임>웹프로그래머>
Python"
8af26b37623864c4,서울 종로구,8퍼센트 개발자 (신입/경력),,"개발 금융 데이터 분석과 분석 플랫폼 운영 자격요건 컴퓨터 전공자 또는 웹 개발 경력 1년 이상 우대사항 
Python 코드를 무리 없이 읽으실 수 있는 분 Linux/Mac 사용 가능한 분 새로운 기술에 대한 호기심을 가지신..."
cae2de07045cfb2b,서울 마곡동,"Java, Python 영상툴 개발자",,"원하면 가능) 담당업무 - 영상 라벨링 Tool 개발 - Tool 정확성 개선 자격요건 - Java - 
Python 우대사항 - 관련 개발 경력 - 툴개발 경력 근무조건 - 월~금 AM9:30 ~ PM18:30 복지..."
a5950cc205f9f73a,서울,[AWS] DevOPs Consultant,,"Powershell, 
Python, Bash…). · Experience... 또는 Terraform) · 스크립팅 (예 : Powershell, 
Python, Bash…)을 포함한 클라우드, 또는 가상화 환경에서의 Linux..."
b03b8655f632f8f0,서울 성동구,[네오컨버전스] 딥러닝 개발자 신입/경력 정규직,,"부설연구소 [자격요건]신입, 경력(연차무관)대학교(4년)졸업 이상- 
Python 개발 가능자- Pytorch 딥러닝 프레임 워크 경험자- 딥러닝 이해... 게임>빅데이터·AI(인공지능)>
Python|인터넷·IT·통신·모바일·게임..."
9d03965e8523cea6,성남 분당구,[SAPEON Korea] Deep Learning 개발자,,"변환 도구 개발 및 최적화 [필요역량 및 직무경험] C/C++ 또는 
Python에 대한 깊은 이해 및 능숙한 개발 능력 소프트웨어 설계 및 알고리즘... 통신·모바일·게임>웹프로그래머>
Python|인터넷·IT·통신·모바일·게임..."
2165954253e0cd92,서울 여의도역,채용전제형 인턴십 모집,,"금융투자분석사, CFA Level 1 이상 등 관련 자격 보유자 • 엑셀 VBA 프로그래밍, SQL 
Python, R 등 활용가능자 • 통계학, 머신러닝, AI 관련 지식 보유자 리테일 영업지원 (기획, 지원..."
c0f290b9dc436e3a,서울 강남구,음성신호 처리/개발 부문 경력,,"등 open source DL framework에 대한 구현 경험 - 
Python/Javascript 개발 경력 3년 이상 혹은 그에 준하는 실력... 게임>빅데이터·AI(인공지능)>
Python|인터넷·IT·통신·모바일·게임..."
3e7b756ca8ec169f,서울 서초구,가상화 엔지니어 정규직,"연봉 40,000,000원 - 50,000,000원","DM/NV 등) 우대사항 1) 정보처리산업기사 이상의 자격을 보유하신 분 2) PowerShell/Bash/
Python 등 System Script 경험이 있는 분 기타정보 1) 삼성전자 반도체 사업장 VMware 가상화..."
76506fcc26886ebf,대한민국,Solution Software Engineer - Korea,,"Java (server/cloud or device side) or Scripting (e.g. 
Python) experience of chip vendors, e.g. MediaTek, Samsung, Qualcomm..."
c4145dce440c02f8,서울 서초구,[전문연구요원 신규편입/전직] SW Engineer/Backend/Frontend 개발자,,"백엔드|인터넷·IT·통신·모바일·게임>웹프로그래머>프론트엔드|인터넷·IT·통신·모바일·게임>웹프로그래머>
Python|인터넷·IT·통신·모바일·게임>응용프로그래머>Linux|인터넷·IT·통신·모바일·게임>응용프로그래머>인공지능..."
a5868277027bf920,서울,Data Engineer_Eng,,"experience of data engineering • Proficiency in using 
Python or Scala • Experience in using one... followings: Batch..."
84610059d3552ef1,성남 분당구,(3200만이상/분당)만도연구소 소프트웨어 개발/검증 연구보조,"연봉 30,000,000원 - 35,000,000원","SW 등 공학 관련 전공자 C사용 경험자 관련분야/업무 유경험자 우대 
Python 가능자 우대 Vector Case 사용 경험자 우대 자동차부품 전문... 사용 경험자[우대요건] - 
Python 경험자 - Vector Case..."
41eda88d237f0abe,대한민국,Application Engineer for MCU & Touch,,"optionally additional language skills (e.g. C#, C++, 
Python..) Experienced in low level components of timer, counter, PWM..."
be4f41a16ee26e33,경기도 화성,Software Tech. Support and Customer Engagement Lead,,"skills •Understanding the software coding(C/C++/C#/
Python) concept is a big plus •Project management experience..."
3544467a7b64376f,서울 마포구,[전문연구요원] 의료영상 리서치 엔지니어 정규직,,"학력무관직무기술: VISUALC++, 응용프로그래밍, C·C++, 
Python, AI개발 2 명 근무조건 고용형태: 정규직(수습기간3개월)근무부서... 머신러닝(ML)|인터넷·IT·통신·모바일·게임>응용프로그래머>
Python"
aac8e9355cb855ac,서울,[인재풀] 아티스트 ART,,"Maya or 3D Max등의 아트웍 툴 사용 경험 Max script 또는 Mel Script의 사용 경험 C# 또는 
Python 언어에 대한 이해 및 활용 능력 아트웍 관련 툴 제작 또는 플러그인 제작 경험"
3d1690b2dd2249f8,서울 마포구,"[K디지털 트레이닝] 전액 국비지원 IT취업연계 교육 빅데이터, 인공지능",,"개발전문과정 인터넷·IT·통신·모바일·게임>웹프로그래머>JAVA|인터넷·IT·통신·모바일·게임>웹프로그래머>
Python|인터넷·IT·통신·모바일·게임>빅데이터·AI(인공지능)>빅데이터|인터넷·IT·통신·모바일·게임>빅데이터..."
946014e8c4501212,서울,Backend Engineer,,"젝트를 공개하고 지속적인 기여를 통해 프로젝트를 발전시킵니다. 자격요건 - 하나 이상의 프로그래밍 언어(
Python, Golang, C++, ...)를 능숙하게 사용하시는 분 - AWS, GCP, Azure 등 Cloud..."
48c982e865d9303a,서울 강남구,개발직군 산업기능요원 보충역 신규 특별,,"통신·모바일·게임>빅데이터·AI(인공지능)>머신러닝|인터넷·IT·통신·모바일·게임>빅데이터·AI(인공지능)>
Python|인터넷·IT·통신·모바일·게임>응용프로그래머>머신러닝(ML)|인터넷·IT·통신·모바일·게임>응용프로그래머..."
d193999bb6d038d4,서울,Analog Design Engineer,,"Modeling of solutions using tools... 
Python, Matlab, Simulink, and Spectre AMS... tools... 
Python, Matlab, Simulink..."
39b4c349f0d85ecc,서울,Python Junior Backend Developer,,"“글로벌 콘텐츠 디스커버리 플랫폼 데이블에 지원하세요~!” 데이블은 ‘사용자와 미디어, 콘텐츠를 연결하자’는 미션을 가진 콘텐츠 디스커버리 & 네이티브 광고 플랫폼입니다. 데이블은 2015년 네이버, NC소프트, SK플래닛..."
a0dda478567db352,경기도 화성,"(주)트윔 개발자(경력직) 빅데이터,영상처리,머신비전/AI 딥러닝",,"자기주도적으로 진행한 경험 - 
Python/C/C++ 능통자 - 데이터... RNN 등 딥러닝 이론 및 알고리즘 유경험자 - C/C++, Java, 
Python/TensorFlow/Caffe 사용가능자 - Matlab/R 분석..."
fc037709d0770796,성남 분당구,System SW 엔지니어,"연봉 40,000,000원 - 100,000,000원","사항: 대학교(4년)졸업 이상 [기본 요구능력] - ASM/C/C++/
Python 언어 코딩 기술 - 운영체제 SW 설계 및 구현 - 알고리즘/네트워... 게임>빅데이터·AI(인공지능)>
Python|인터넷·IT·통신·모바일·게임..."
3486bc7922dd9121,서울,C++ Senior Developer for High-Performance Cloud Database Ker...,,"C++ Experience in multi-thread programming Experience in SQL, 
Python, Git Experienced... development on Linux environment..."
b955c9f452035bd8,성남 분당구,[KSTEC] 통계/Analytics 신입 및 경력사원,,"지능화 (의사결정 자동화) 시스템 개발 (SPSS, SAS, R, 
Python, Java 기반)2. 기업용 데이터과학 & 인공지능 플랫폼 솔루션3... 게임>빅데이터·AI(인공지능)>
Python|인터넷·IT·통신·모바일·게임..."
dd6b989057777812,서울 서초구,"빅데이터, 인공지능(AI) 외 경력 정규직",,"모바일·게임>빅데이터·AI(인공지능)>인공지능(AI)|인터넷·IT·통신·모바일·게임>빅데이터·AI(인공지능)>
Python|인터넷·IT·통신·모바일·게임>빅데이터·AI(인공지능)>머신러닝|인터넷·IT·통신·모바일·게임>빅데이터..."
089d5692025e08c5,성남 분당구,[NIT Service] 네이버 클라우드 플랫폼 기술지원,,"우대사항]- 클라우드 서비스 운영 경험 (AWS, Azure, KT Cloud 등)- Shell Script, 
Python 활용 가능- 국가보훈대상자 및 장애인은 법령에 의거 우대 0 명 근무조건 고용형태 : 정규직급여조건..."
e658236007117d98,서울,Junior Business Analyst (Non-tech),,"의와 체계적 사고체계를 갖추신 분 [우대 조건] 이커머스, 리테일, 물류 관련 도메인 경험을 보유하신 분 
Python, R 등 기타 프로그램 언어 사용 경험을 보유하신 분 한국어 및 영어 모두 능숙한 커뮤니케이션이 가능하..."
3d40cfbbdc839bfc,인천 서구,센서 계측 관련 프로그래머,,"센서 계측 자동화를 위한 데이터 및 프로그램 관련 개발자를 모집합니다.C언어 , JavaScript , 
Python 등의 기초 코딩1개 이상의 리딩이 가능하신 개발자님 모집하고 있습니다.능수능란한 코딩이 가능하신분 , 기초와..."
bec33b19427238a4,서울 서초구,(주)작당모의 앱 개발자,,"1. 백엔드 개발 1년이상, OOP/Function Language 개발 가능, AWS 개발 경험 등 2. 
Python Django 개발, Nodejs React 개발, MySQL 개발 경험 등 3. React Native..."
764e1009190a3e15,서울 강남구,[엔픽셀] 블록체인 웹 프로그래머,"연봉 30,000,000원 - 100,000,000원","Javascript 등)가 있으신 분 ∙ 한 종류 이상의 능숙한 웹 스크립팅 언어 (java, node, 
python 등) 사용 가능하신 분 ∙ 개발 업무에 필요한 수준의 영어 독해 능력이 있으신 분 *[우대사항..."
fe457b8e789d331c,서울 강남구,Data Engineer,,"게임>빅데이터·AI(인공지능)>머신러닝|인터넷·IT·통신·모바일·게임>빅데이터·AI(인공지능)>
Python|인터넷·IT·통신·모바일·게임>응용프로그래머>머신러닝(ML)|인터넷·IT·통신·모바일·게임>응용프로그래머>
Python"
f54bac6c78fd3240,성남 수정구,코딩에 빠진 수퍼 개발자 (펌웨어 개발),,"학력무관직무기술: 펌웨어(Firmware), Embedded System S/W 개발(판교) c/c++, 
Python 3 명 근무조건 고용형태: 정규직근무부서: 개발팀급여조건: 연봉 협의 후 결정 전형단계 및 제출서류 전형단..."
7dbaa95d22eacd29,울산 남구,"웹개발, 백엔드 외 경력 정규직","연봉 40,000,000원 - 50,000,000원","경력(4년 이상 ) 학력사항: 대학교(4년)졸업 이상 직무기술: 웹프로그래밍, 응용프로그램개발, JAVA, 
PYTHON 기타: ㆍ다양한 업무를 신속하게 이해하고 도식화 할 수 있는 분 ㆍ고객의 소리를 듣는 귀가 지혜 있는..."
43774322c4492e0e,성남 분당구,[TmaxTibero/기술] DBMS 제품 QA 신입 및 경력,,"경력 지원자) - 데이터베이스 연관 3rd Party 제품 기술지원 경험자(경력 지원자) - Java/C/
Python/shell 초급 개발자/경험자(경력 지원자) - S/W QA 경험자(경력 지원자) - CDC 제품 사용..."
80ea7a7fe4b6b342,서울,[자동차부품 우량대기업] ADAS카메라 System SW개발 경력인재,,"C·C++|인터넷·IT·통신·모바일·게임>응용프로그래머>Linux|인터넷·IT·통신·모바일·게임>응용프로그래머>
Python|인터넷·IT·통신·모바일·게임>통신·모바일>커넥티드카 개발자|인터넷·IT·통신·모바일·게임>소프트웨어..."
ad07d6a330fb619a,성남 판교역,[NHN Cloud] 운영 및 기술지원,,"Linux, Microsoft Solutions 등) - 2년 이상의 개발 경험 (Java, 
Python 등) - 기술 문서 작성 및 가이드 경험이 풍부한 자 - 대외 고객 기술 지원 경험 - Windows..."
7d205770c41f1c8b,서울 삼성역,현대백화점 데이터기획팀 데이터 분석/기획 경력,,"Tableau등 OLAP툴 활용 대시보드 구성 및 분석 결과 리포팅 수행 경험 - 중급 이상의 R, 
Python, SQL 역량 및 데이터 핸들링(추출/전처리(EDA)/요약 등) 역량 보유 - 클라우드(또는 온프..."
25b0fa17d08dd0cd,서울 강남구,"자바스크립트, Python 외 신입/경력 정규직, 계약직, 인턴",,"인터넷·IT·통신·모바일·게임>응용프로그래머>자바스크립트|인터넷·IT·통신·모바일·게임>응용프로그래머>
Python|인터넷·IT·통신·모바일·게임>게임(Game)>서버·네트워크개발|인터넷·IT·통신·모바일·게임>게임(Game..."
9f1b3a55c974207a,서울 강남구,Teacher / Instructor,"월급 2,400,000원 - 3,300,000원","Cultures... Computer Science (Programming Languages--e.g., 
Python, C/C++, etc. ) Fine Arts Other Elective Courses Full..."
abdc136f65ceddd4,서울,AI 분야,,"무를 경험하면서 조직과 함께 성장하고 싶으신 마인드를 보유하신 분 - 
Python 및 PyTorch, Tensorflow 등과 같은 딥러닝 프레임워크... 경력자 가능 - C/C++, 
Python, 딥러닝 프레임워크(PyTorch..."
a3ff75e302b24374,서울,"Solutions Architect - AMAZON Web Services, Korea",,"languages... Ruby, 
Python and Node... 현대 개발 언어에 대한 실무적 지식: 루비 (Ruby), 파이썬 (
Python), Node.js 등 · 개발자 및 IT 운영자 대상의 신기술 전파에..."
2b0112d63721b1e0,서울,Machine Learning Researcher (Computer Vision),,"more than one software language (ex: C, C++, C#, Java, 
Python, Javascript, Matlab, and so on.) Applicants must have..."
dbdb09c3e456c5cb,서울 용산구,(서울시 용산) 전문 분석관 (석사),,"석사학위 이상ㆍ정보처리기사 자격 소지 ㆍ데이터 또는 무기효과 분야 연구 유경험자ㆍ통계/공학 SW(Matlab, 
Python, R 등) 운용 가능자 0명 서울시용산구 접수기간 2022년 2월 13일(일)까지 제출서류 이력서..."
afe71637aa1df086,서울 강남구,슈어소프트테크(주) 2022년 상반기 인턴,,"통신·모바일·게임>웹프로그래머>
Python|인터넷·IT·통신·모바일·게임... 용프로그래머>자바스크립트|인터넷·IT·통신·모바일·게임>응용프로그래머>
Python|인터넷·IT·통신·모바일·게임>응용프로그래머>가상현실(VR)|인터넷..."
5ea9ea023c6ccc03,성남 분당구,"S/W 엔지니어, 데이터분석 신입/경력 정규직, 인턴",,"케이션 제작 및 유지보수 업무- 
Python, Golang, QT 중 선택... 2. 시스템프로그래머- 
Python, Golang, QT 중 선택 가능3. 영상데이터 분석 및 모델링- 
python기반 영상데이터 분석 및 모델링..."
e7c8c2b11f24fb43,서울,Software Engineer,,"languages, including... limited to: C++, Java, C and 
Python. Excellent written and verbal communication skills. About..."
b40a09bb26c18930,서울 강서구,"S/W개발자, H/W개발자, 기구설계 전문가","연봉 30,000,000원 - 100,000,000원","집부문 담당업무 자격요건 인원 S/W개발자H/W개발자기구설계직 [담당업무][S/W 개발]- C, C++, 
Python 프로그래밍 가능- 영상 처리, 컴퓨터 비전, 머신러닝, 비디오 스트리밍 관련 개발 경력 보유- OpenCV..."
637966c9b5fe66d6,성남 분당구,[정보보호기술] 시스템 보안 담당자,,"행위 모니터링 및 대응필수 경험과 역량· Go-lang, Java, 
Python 등으로 개발된 오픈소스를 업무에 활용한 경험 및 개발 역량(일부 수정... 로그래머>JAVA|인터넷·IT·통신·모바일·게임>응용프로그래머>
Python"
32998063886b0d27,서울 강남구,[컨트롤웍스] 제어엔지니어 신입,"연봉 30,000,000원 - 35,000,000원","전공- Matlab / Simulink 프로그래밍에 자신 있는 분[우대사항]- 컨트롤러 설계 경험- C 또는 
Python 프로그래밍 역량- 석사학위자의 경우 병역특례 가능- 운전가능자 1 명 근무조건 고용형태: 정규직(수습기..."
67c19d7ac0857ecd,서울,빅데이터 분야,,"데이터 분석 모형 개발 ① R, 
Python, SQL 등 데이터 분석 도구... 분석 관련 자격 보유(빅데이터분석기사, ADsP, ADP 등) - R/
Python/SQL 등을 사용하여 데이터를 핸들링하고 대규모 데이터 셋에서 분석..."
c1eb021528f29732,서울 구로구,2022년 상반기 IT/경영정보 신입경력사원,,"14p 인터넷·IT·통신·모바일·게임>응용프로그래머>JAVA|인터넷·IT·통신·모바일·게임>응용프로그래머>
Python|인터넷·IT·통신·모바일·게임>응용프로그래머>C·C++|인터넷·IT·통신·모바일·게임>응용프로그래머..."
cb973769974700e0,서울,"Software Engineer, Android Connectivity",,"one or more... following languages: C, C++, Java, or 
Python. Preferred qualifications: 5 years of experience in Android..."
9205c6ddd797cac4,성남 분당구,Planning and Scheduling Optimization Development Engineer,,"teams.New PhDs are encouraged to apply. 인터넷·IT·통신·모바일·게임>웹프로그래머>
Python|생산·정비·기능·노무>생산관리>공장장|인터넷·IT·통신·모바일·게임>소프트웨어·하드웨어>소프트웨어"
6d86e9f32d31c84f,서울,Data 분야 경력,,"해가 뛰어난 자 - R, 
Python, SAS, SQL 등 활용 역량 우대사항(해당 내용 중 1개 이상) - ML/DL 경험 인력 우대 - 관련 분야 석사 이상 학위 소지자 우대 - R, 
Python등 데이터분석 모델링 경험..."
51df90967b46e8f0,서울,[외국계 스타트업 미소] Business Analyst,,"통신·모바일·게임>빅데이터·AI(인공지능)>데이터분석|인터넷·IT·통신·모바일·게임>빅데이터·AI(인공지능)>
Python|인터넷·IT·통신·모바일·게임>데이터베이스·DBA>MySQL|인터넷·IT·통신·모바일·게임>데이터베이스..."
872035f47cfd4850,대한민국,자산운용팀 전략/리스크팀 퀀트(겨울방학 인턴),,"공자의 경우 관련 과목 12학점 이상 이수 - Microsoft 엑셀 능숙자 선택 사항 (평가 가산점) - 
Python 또는 VBA 등 코딩 Skill 보유 - 관련 업종에서 2개월 이상 인턴쉽 또는 근무 경력 보유 - 관련..."
21d2c5a3f43370e1,성남 분당구,[ HDC 랩스 ] 2022년 상반기 경력,,"인터넷·IT·통신·모바일·게임>웹프로그래머>백엔드|인터넷·IT·통신·모바일·게임>빅데이터·AI(인공지능)>
Python|인터넷·IT·통신·모바일·게임>빅데이터·AI(인공지능)>빅데이터|인터넷·IT·통신·모바일·게임>네트워크..."
9f6ca44bd1c54a7b,청주 오창읍,2022년 2월 경력사원 (품질),,"경력 - 프로그래밍 언어(R, 
Python, Visual Basic 등... 년 이상 - Embedded SW 개발 (C, C++) 실무 경력 - 
Python 활용 Big Data 분석 및 수치 해석 경험 우대사항 - BMS..."
aac8e9355cb855ac,서울,[인재풀] 아티스트 ART,,"Maya or 3D Max등의 아트웍 툴 사용 경험 Max script 또는 Mel Script의 사용 경험 C# 또는 
Python 언어에 대한 이해 및 활용 능력 아트웍 관련 툴 제작 또는 플러그인 제작 경험"
71c47ac87bb4087e,서울 관악구,기술 인턴 인공지능 응용 연구/개발 인턴,,"6개월) (협의) *모집 절차: 서류 à인터뷰(오프라인) *지원 자격: 프로그래밍 언어 활용 능력: 
Python, C, C++ 중 1가지 이상 데이터구조, 알고리즘 과목 이수 머신러닝과 딥러닝의 기본 개념 이해 머신러닝..."
de354a752cd7f42e,서울 강남구,"빅데이터, 인공지능(AI) 외 신입/경력 정규직",,"모바일·게임>빅데이터·AI(인공지능)>데이터라벨링|인터넷·IT·통신·모바일·게임>빅데이터·AI(인공지능)>
Python|인터넷·IT·통신·모바일·게임>빅데이터·AI(인공지능)>딥러닝|인터넷·IT·통신·모바일·게임>데이터베이스..."
b766b1060113c310,서울 용산구,[어니컴(주)] 데이터 분석가 신입/경력,,"이상- 프로그래밍 언어: R 혹은 
Python 활용 가능- 통계 또는 기계... 데이터분석|인터넷·IT·통신·모바일·게임>빅데이터·AI(인공지능)>
Python|인터넷·IT·통신·모바일·게임>빅데이터·AI(인공지능)>R|인터넷..."
053378a070533ffc,서울 강남구,DBA,,"경험이 있으신 분 MySQL 모니터링 및 트러블 슈팅 경험이 있으신 분 스크립트 언어 사용이 가능하신 분 (
Python, Shell 등) [우대요건] Kubernetes 환경 경험이 있으신 분 부하테스트를 즐겨하시는 분 긍정..."
5ab0b45dfa93411b,서울 강남구,Data Engineer 신입사원,,"분류, 개인정보 비식별화, 불량 코퍼스 필터링 등 다양한 ML 프로젝트 (예정)[자격요건]- Julia / 
Python / R 중에서 자신 있는 프로그래밍 언어가 있는 분- 하나의 데이터도 놓치지 않고 꼼꼼하게 관리할 수..."
f9a30da64da7f738,성남 분당구,[NHN SOFT] iOS 앱개발,,"통신·모바일·게임>웹프로그래머>
Python|인터넷·IT·통신·모바일·게임... 로그래머>증강현실(AR)|인터넷·IT·통신·모바일·게임>응용프로그래머>
Python|인터넷·IT·통신·모바일·게임>응용프로그래머>머신러닝(ML)|인터넷..."
3d40cfbbdc839bfc,인천 서구,센서 계측 관련 프로그래머,,"센서 계측 자동화를 위한 데이터 및 프로그램 관련 개발자를 모집합니다.C언어 , JavaScript , 
Python 등의 기초 코딩1개 이상의 리딩이 가능하신 개발자님 모집하고 있습니다.능수능란한 코딩이 가능하신분 , 기초와..."
8164d5e7100c5968,서울,AI Frameworks Engineer Intern,,"Basic knowledge of deep learning technologies Programming with 
Python or Shell script Education Students who are currently..."
3544467a7b64376f,서울 마포구,[전문연구요원] 의료영상 리서치 엔지니어 정규직,,"학력무관직무기술: VISUALC++, 응용프로그래밍, C·C++, 
Python, AI개발 2 명 근무조건 고용형태: 정규직(수습기간3개월)근무부서... 머신러닝(ML)|인터넷·IT·통신·모바일·게임>응용프로그래머>
Python"
65d17e4704beb445,서울 중학동,네트워크 보안 담당자 채용,,"정보보안기사 등 관련 자격증을 보유하신 분 - 포렌식 업무 경험 또는 관련 자격증을 보유하신 분 - Java, 
Python 등 프로그래밍 언어가 능숙하신 분 근무조건 [근무조건] - 근무형태 : 정규직 - 모집인원 : 명..."
6ad7c43392438b73,성남 분당구,[TmaxAI/R&D] NLP(자연어/문서/음성)부문 개발자,,"DB 개발 경험이 있으신 분 [음성, 자연어처리] -관련 분야의 연구 경험 / 기본 지식 보유자 -기본적인 
Python 프로그래밍이 가능하신 분 우대사항 [리더급] -전반적으로 인공지능 자연어/문서처리 기술에 대한 이해가..."
6b46ce7e432daab8,서울 영등포구,Data Engineer & Scientist,,"리즘에 대한 깊은 이해 - Data integrity, data governance 에 대한 이해 - 
Python Data & Analytics 라이브러리 경험 (NLTK, Spacy, Scikit-Learn, PyTorch..."
5c9f84f18b1b4944,서울 강남구,2022 데이터 사이언티스트 부문,,"인터넷·IT·통신·모바일·게임>ERP·시스템분석·설계>딥러닝|인터넷·IT·통신·모바일·게임>빅데이터·AI(인공지능)>머신러닝|인터넷·IT·통신·모바일·게임>빅데이터·AI(인공지능)>
Python"
4e38193c08dd3fda,서울,Data Engineer,,"Coding experience in more than one software language (ex: 
Python, R, Pandas, Javascript, Vue.js, React, Angular, and so..."
3d1690b2dd2249f8,서울 마포구,"[K디지털 트레이닝] 전액 국비지원 IT취업연계 교육 빅데이터, 인공지능",,"개발전문과정 인터넷·IT·통신·모바일·게임>웹프로그래머>JAVA|인터넷·IT·통신·모바일·게임>웹프로그래머>
Python|인터넷·IT·통신·모바일·게임>빅데이터·AI(인공지능)>빅데이터|인터넷·IT·통신·모바일·게임>빅데이터..."
b6950e35673a5474,성남 분당구,[SAPEON Korea] SDK 부문 개발자,,"인터넷·IT·통신·모바일·게임>웹프로그래머>ASP.NET|인터넷·IT·통신·모바일·게임>웹프로그래머>
Python|인터넷·IT·통신·모바일·게임>웹프로그래머>프론트엔드|인터넷·IT·통신·모바일·게임>웹프로그래머>백엔드|인터넷..."
87d4ea678a85b896,성남 분당구,[TmaxEdu/R&D] 연구 개발자,,"CSS, JavaScript, TypeScript [Server 개발(사용 언어)] - Java, 
Python, SQL [Framework(사용 언어)] - React.js, Spring [입사 지원 시 참고 사항..."
00b0f4d1f5f56d14,서울 마포구,모바일 운영서비스 빌드/배포/테스트 자동화 개발자,,"와 같은 컨테이너 기반 기술 이해 및 경험- 리눅스 환경에 대한 경험- 기본 스크립트 언어 경험 : 
Python / Bash / Perl 등- 지속적 통합 (Jenkins, Fastlane) 이해 및 경험- 소스형상관리..."
a5d866cb3092e1f6,서울 마곡역,빅데이터 플랫폼 데이터 엔지니어,,"험자 - S/W 관련 자격증 보유자 - AWS (Redshift, S3 등) 기반 시스템 구축 경험자 - 
Python, SAS 스킬 보유자 - DB영역 기술 전문성 보유자 - IT 전반에 대한 이해도와 경험 보유자 필수 지원..."
ebd9b7e972f551fc,서울 마포구,서버 개발자 Python(Django) Developer (신입/경력),,"유관직무 경력자 서버 개발자 
Python(Django) Developer... 있습니다.■ 자격 요건 인터넷·IT·통신·모바일·게임>웹프로그래머>
Python|인터넷·IT·통신·모바일·게임>웹프로그래머>웹개발|인터넷·IT·통신..."
b8ad49577d39559c,경기도 하남,웹개발자,"월급 3,000,000원","jsp, css, html 유경험자-JAVA,SPRING BOOT, AI 인공지능, REST API, 
PYTHON 경험-AI 이미지 인식 관련 기본 지식 (CNN등) [근무시간 및 형태] 주 5일 근무 (오전) 8시 30분..."
df21e3bb5d773616,서울 서초구,Python Programmer,,"개발 – JAVA 프로그래밍(라이브러리 활용) – Spring 프레임 워크 개발 – 
Python API 프로그래밍 우대사항 – 
Python 개발 경험 – Open Source 라이브러리 개발경험 – Web 표준에 대한 경험..."
3617e30a1af44426,성남 분당구,[NHN SOFT] Back-End 경력 개발자,,"통신·모바일·게임>웹프로그래머>
Python|인터넷·IT·통신·모바일·게임... 로그래머>증강현실(AR)|인터넷·IT·통신·모바일·게임>응용프로그래머>
Python|인터넷·IT·통신·모바일·게임>응용프로그래머>머신러닝(ML)|인터넷..."
f5c40ec89231fd10,서울 종로구,음성인식 서버 개발 및 운영 전문가,,"기반의 API 설계 및 개발 경험개발 역량– C/C++, Java, 
Python, shell script 등 리눅스 환경 실무 개발 가능– 병렬화 및... 통신·모바일·게임>응용프로그래머>
Python|인터넷·IT·통신·모바일·게임..."
9ecefce08d4b32df,성남 분당구,"[TmaxMetaverse/R&D] 게임 엔진, 게임 서버, 메타버스 스튜디오 개발자",,"유경험자 - 리액트 기반 개발 유경험자 [주 사용 언어] - C++, C# - Java Script - 
Python - Spring, React - HTML [지원 시 참고 사항] - 기술, 경험, 지식 등이 상세히 담긴..."
e3e1c9a3233eef1f,서울 영등포구,데이터 분석가 경력,,"BI(Business Intelligence) Tool 활용 가능 (Tableau, Qlik 등) - R, 
Python 활용 가능 모집기한: ~ 본 포지션 채용 시점까지 제출방법: LG그룹 채용사이트(LG Careers)를..."
2b9e604e63e7e46d,성남 분당구,[카카오커머스] 기술직군,,"우대사항 - 전자금융 감독규정, PCIDSS에 대한 실무 경험이나 이해도가 높으신 분 - JAVA, 
Python, shell script 등 개발 역량을 갖추신 분 - 웹/앱 취약점 진단 및 모의해킹 역량을 갖추신..."
